primer	indel_id	orientation	AF16_chrom	AF16_start	AF16_end	AF16_mismatches	CGC2_chrom	CGC2_start	CGC2_end	CGC2_mismatches	gsize
bdP3_F	bdP3	F	V	7413646	7413664	0	V	7853099	7853117	0	2
bdP3_R	bdP3	R	V	7414552	7414530	0	V	7854005	7853983	0	2
bhP12_F	bhP12	F	III	5752834	5752855	0	III	5783140	5783161	0	2
bhP12_R	bhP12	R	III	5753081	5753060	0	III	5783387	5783366	0	2
bhP13_F	bhP13	F	IV	598746	598768	0	IV	683549	683571	0	2
bhP13_R	bhP13	R	IV	598995	598973	0	IV	683798	683776	0	2
bhP14_F	bhP14	F	III	2535825	2535846	0	III	2470310	2470331	0	2
bhP14_R	bhP14	R	III	2536065	2536043	0	III	2470550	2470528	0	2
bhP15_F	bhP15	F	IV	2236528	2236550	0	IV	2175322	2175344	0	2
bhP15_R	bhP15	R	IV	2236777	2236756	0	IV	2175571	2175550	0	2
bhP18_F	bhP18	F	III	45803	45781	0	III	116937	116915	0	2
bhP18_R	bhP18	R	III	45556	45578	0	III	116690	116712	0	2
bhP19_F	bhP19	F	I	17270	17291	0	I	430045	430024	0	2
bhP19_R	bhP19	R	I	17516	17494	0	I	429799	429821	0	2
bhP1_F	bhP1	F	I	11745497	11745477	0	I	11667552	11667532	0	2
bhP1_R	bhP1	R	I	11745245	11745268	0	I	11667300	11667323	0	2
bhP20_F	bhP20	F	II	1340820	1340842	0	II	1333477	1333455	0	2
bhP20_R	bhP20	R	II	1341067	1341046	0	II	1333230	1333251	0	2
bhP21_F	bhP21	F	II	9994616	9994594	0	II	9780527	9780505	0	2
bhP21_R	bhP21	R	II	9994366	9994389	0	II	9780277	9780300	0	2
bhP24_F	bhP24	F	V	18905102	18905124	0	V	19543598	19543620	0	2
bhP24_R	bhP24	R	V	18905343	18905322	0	V	19543839	19543818	0	2
bhP25_F	bhP25	F	X	3176112	3176134	0	X	3280397	3280419	0	2
bhP25_R	bhP25	R	X	3176361	3176340	0	X	3280646	3280625	0	2
bhP26_F	bhP26	F	X	17067096	17067118	0	X	17756928	17756950	0	2
bhP26_R	bhP26	R	X	17067346	17067324	0	X	17757178	17757156	0	2
bhP29_F	bhP29	F	I	15180719	15180741	0	I	15165380	15165402	0	2
bhP29_R	bhP29	R	I	15180966	15180945	0	I	15165627	15165606	0	2
bhP2_F	bhP2	F	II	2786400	2786422	0	II	2751848	2751870	0	2
bhP2_R	bhP2	R	II	2786642	2786620	0	II	2752090	2752068	0	2
bhP32_F	bhP32	F	II	4175321	4175342	0	II	4061725	4061704	0	2
bhP32_R	bhP32	R	II	4175570	4175548	0	II	4061476	4061498	0	2
bhP34_F	bhP34	F	III	5880765	5880787	0	III	5904381	5904403	0	2
bhP34_R	bhP34	R	III	5881010	5880988	0	III	5904626	5904604	0	2
bhP36_F	bhP36	F	X	13665274	13665296	0	X	14041772	14041794	0	2
bhP36_R	bhP36	R	X	13665517	13665495	0	X	14042015	14041993	0	2
bhP37_F	bhP37	F	V	9005522	9005501	0	V	9407383	9407362	0	2
bhP37_R	bhP37	R	V	9005272	9005293	0	V	9407133	9407154	0	2
bhP38_F	bhP38	F	III	4013114	4013095	0	III	4088434	4088415	0	2
bhP38_R	bhP38	R	III	4012866	4012888	0	III	4088186	4088208	0	2
bhP40_F	bhP40	F	III	12264190	12264212	0	III	12620388	12620410	0	2
bhP40_R	bhP40	R	III	12264439	12264416	0	III	12620637	12620614	0	2
bhP42_F	bhP42	F	I	6763171	6763150	0	I	6718442	6718421	0	2
bhP42_R	bhP42	R	I	6762920	6762942	0	I	6718191	6718213	0	2
bhP45_F	bhP45	F	IV	4973419	4973442	0	IV	5049870	5049893	0	2
bhP45_R	bhP45	R	IV	4973663	4973641	0	IV	5050114	5050092	0	2
bhP47_F	bhP47	F	V	5354947	5354969	0	V	5852895	5852917	0	2
bhP47_R	bhP47	R	V	5355189	5355167	0	V	5853137	5853115	0	2
bhP48_F	bhP48	F	V	16115347	16115369	0	V	16325901	16325923	0	2
bhP48_R	bhP48	R	V	16115595	16115572	0	V	16326149	16326126	0	2
bhP49_F	bhP49	F	X	19717454	19717432	0	X	20423135	20423113	0	2
bhP49_R	bhP49	R	X	19717205	19717225	0	X	20422886	20422906	0	2
bhP5_F	bhP5	F	V	14723708	14723730	0	V	15035758	15035780	0	2
bhP5_R	bhP5	R	V	14723998	14723977	0	V	15036048	15036027	0	2
bhP6_F	bhP6	F	II	2281681	2281660	0	II	2293717	2293696	0	2
bhP6_R	bhP6	R	II	2280709	2280731	0	II	2292745	2292767	0	2
bhP8_F	bhP8	F	II	15795079	15795057	0	II	15620403	15620381	0	2
bhP8_R	bhP8	R	II	15794831	15794854	0	II	15620155	15620178	0	2
bhP9_F	bhP9	F	IV	12524217	12524197	0	IV	12393310	12393290	0	2
bhP9_R	bhP9	R	IV	12523962	12523983	0	IV	12393055	12393076	0	2
cb-m103_F	cb-m103	F	V	11376345	11376323	0	V	11749644	11749622	0	2
cb-m103_R	cb-m103	R	V	11375746	11375768	0	V	11749045	11749067	0	2
cb-m105_F	cb-m105	F	V	16286323	16286345	0	V	16500954	16500976	0	2
cb-m105_R	cb-m105	R	V	16287014	16286995	0	V	16501562	16501543	0	2
cb-m127_F	cb-m127	F	X	21239579	21239555	0	X	21941192	21941168	0	2
cb-m127_R	cb-m127	R	X	21239094	21239114	0	X	21940707	21940727	0	2
cb-m136_F	cb-m136	F	X	18411780	18411758	0	X	19130590	19130568	0	2
cb-m136_R	cb-m136	R	X	18410341	18410361	0	X	19129151	19129171	0	2
cb-m13_F	cb-m13	F	I	13824645	13824665	0	I	13769047	13769027	0	2
cb-m13_R	cb-m13	R	I	13825148	13825129	0	I	13768659	13768678	0	2
cb-m142_F	cb-m142	F	I	3033073	3033095	0	I	2963889	2963911	0	2
cb-m142_R	cb-m142	R	I	3033737	3033715	0	I	2964553	2964531	0	2
cb-m149_F	cb-m149	F	II	11405458	11405480	0	II	11174910	11174932	0	2
cb-m149_R	cb-m149	R	II	11405927	11405908	0	II	11175379	11175360	0	2
cb-m14_F	cb-m14	F	I	806090	806112	0	I	819219	819241	0	2
cb-m14_R	cb-m14	R	I	807089	807067	0	I	820217	820195	0	2
cb-m160_F	cb-m160	F	III	11839816	11839835	0	III	12209174	12209193	0	2
cb-m160_R	cb-m160	R	III	11840636	11840615	0	III	12209994	12209973	0	2
cb-m16_F	cb-m16	F	II	13343640	13343620	0	II	13037352	13037332	0	2
cb-m16_R	cb-m16	R	II	13342544	13342566	0	II	13036256	13036278	0	2
cb-m172_F	cb-m172	F	IV	10305329	10305307	0	IV	10743963	10743941	0	2
cb-m172_R	cb-m172	R	IV	10304680	10304701	0	IV	10743314	10743335	0	2
cb-m177_F	cb-m177	F	IV	2600536	2600558	0	IV	2583899	2583921	0	2
cb-m177_R	cb-m177	R	IV	2601336	2601313	0	IV	2584699	2584676	0	2
cb-m197_F	cb-m197	F	X	1887570	1887546	0	X	1905364	1905340	0	2
cb-m197_R	cb-m197	R	X	1886878	1886898	0	X	1904672	1904692	0	2
cb-m19_F	cb-m19	F	II	4076997	4077016	0	II	4155662	4155643	0	2
cb-m19_R	cb-m19	R	II	4078360	4078340	0	II	4154612	4154632	0	2
cb-m204_F	cb-m204	F	X	13569702	13569727	0	X	13946758	13946783	0	2
cb-m204_R	cb-m204	R	X	13570390	13570368	0	X	13947446	13947424	0	2
cb-m205_F	cb-m205	F	III	5649125	5649103	0	III	7401456	7401478	0	2
cb-m205_R	cb-m205	R	III	5648455	5648476	0	III	7402126	7402105	0	2
cb-m21_F	cb-m21	F	II	8826047	8826023	0	II	8644376	8644352	0	2
cb-m21_R	cb-m21	R	II	8825223	8825245	0	II	8643552	8643574	0	2
cb-m26_F	cb-m26	F	II	11867382	11867404	0	II	11739359	11739381	0	2
cb-m26_R	cb-m26	R	II	11868059	11868039	0	II	11740036	11740016	0	2
cb-m38_F	cb-m38	F	II	12874824	12874804	0	II	12541042	12541022	0	2
cb-m38_R	cb-m38	R	II	12873990	12874010	0	II	12540208	12540228	0	2
cb-m46_F	cb-m46	F	III	2480905	2480884	0	III	2414112	2414091	0	2
cb-m46_R	cb-m46	R	III	2480159	2480178	0	III	2413366	2413385	0	2
cb-m6_F	cb-m6	F	I	14893285	14893304	0	I	14874656	14874675	0	2
cb-m6_R	cb-m6	R	I	14894214	14894195	0	I	14875586	14875567	0	2
cb-m70_F	cb-m70	F	IV	14453199	14453221	0	IV	14080995	14081017	0	2
cb-m70_R	cb-m70	R	IV	14453792	14453772	0	IV	14081588	14081568	0	2
cb-m74_F	cb-m74	F	IV	15656766	15656745	0	IV	15372498	15372477	0	2
cb-m74_R	cb-m74	R	IV	15656090	15656111	0	IV	15371822	15371843	0	2
cb-m76_F	cb-m76	F	IV	16659620	16659598	0	IV	16520599	16520621	0	2
cb-m76_R	cb-m76	R	IV	16658912	16658933	0	IV	16521307	16521286	0	2
cb-m97_F	cb-m97	F	V	17546522	17546502	0	V	17938665	17938645	0	2
cb-m97_R	cb-m97	R	V	17545932	17545956	0	V	17938075	17938099	0	2
cb-s120_F	cb-s120	F	X	17660308	17660329	0	X	18386968	18386989	0	2
cb-s120_R	cb-s120	R	X	17660607	17660585	0	X	18387267	18387245	0	2
cb-s131_F	cb-s131	F	X	379554	379576	0	X	277238	277216	0	2
cb-s131_R	cb-s131	R	X	379850	379830	0	X	276942	276962	0	2
cb-s155_F	cb-s155	F	III	9511402	9511423	0	III	9646805	9646826	0	2
cb-s155_R	cb-s155	R	III	9511700	9511678	0	III	9647103	9647081	0	2
cb-s162_F	cb-s162	F	IV	16688098	16688117	0	IV	16492829	16492810	0	2
cb-s162_R	cb-s162	R	IV	16688418	16688397	0	IV	16492509	16492530	0	2
cb-s195_F	cb-s195	F	II	6407172	6407149	0	II	6266074	6266051	0	2
cb-s195_R	cb-s195	R	II	6406872	6406893	0	II	6265774	6265795	0	2
cb-s205_F	cb-s205	F	II	3027427	3027450	0	II	2948162	2948185	0	2
cb-s205_R	cb-s205	R	II	3027727	3027706	0	II	2948462	2948441	0	2
cb-s214_F	cb-s214	F	IV	902641	902663	0	IV	965841	965863	0	2
cb-s214_R	cb-s214	R	IV	902939	902917	0	IV	966139	966117	0	2
cb-s24_F	cb-s24	F	II	445750	445772	0	II	500318	500340	0	2
cb-s24_R	cb-s24	R	II	446040	446018	0	II	500608	500586	0	2
cb-s255_F	cb-s255	F	I	13292504	13292525	0	I	13275481	13275502	0	2
cb-s255_R	cb-s255	R	I	13292799	13292778	0	I	13275776	13275755	0	2
cb-s25_F	cb-s25	F	II	100415	100438	0	II	134490	134513	0	2
cb-s25_R	cb-s25	R	II	100713	100693	0	II	134788	134768	0	2
cb-s368_F	cb-s368	F	IV	16987845	16987867	0	IV	16725787	16725809	0	2
cb-s368_R	cb-s368	R	IV	16988145	16988123	0	IV	16726087	16726065	0	2
cb-s381_F	cb-s381	F	V	9005224	9005245	0	V	9407085	9407106	0	2
cb-s381_R	cb-s381	R	V	9005524	9005502	0	V	9407385	9407363	0	2
cb-s386_F	cb-s386	F	IV	14982182	14982204	0	IV	14690934	14690912	0	2
cb-s386_R	cb-s386	R	IV	14982478	14982455	0	IV	14690638	14690661	0	2
cb15251_F	cb15251	F	I	1774454	1774474	0	I	1774747	1774767	0	2
cb15251_R	cb15251	R	I	1775200	1775178	0	I	1775493	1775471	0	2
cb16747_F	cb16747	F	IV	3638702	3638679	0	IV	3634179	3634202	0	2
cb16747_R	cb16747	R	IV	3638416	3638439	0	IV	3634466	3634443	0	2
cb17311_F	cb17311	F	IV	3396357	3396335	0	IV	3230232	3230254	0	2
cb17311_R	cb17311	R	IV	3395923	3395946	0	IV	3230666	3230643	0	2
cb17324_F	cb17324	F	IV	3360965	3360942	0	IV	3265560	3265583	0	2
cb17324_R	cb17324	R	IV	3360692	3360716	0	IV	3265833	3265809	0	2
cb17380_F	cb17380	F	IV	3174425	3174448	0	IV	3442097	3442074	0	2
cb17380_R	cb17380	R	IV	3175043	3175020	0	IV	3441479	3441502	0	2
cb20723_F	cb20723	F	III	2535167	2535187	0	III	2469652	2469672	0	2
cb20723_R	cb20723	R	III	2535913	2535894	0	III	2470398	2470379	0	2
cb39304_F	cb39304	F	V	13838232	13838253	0	V	14183561	14183582	0	2
cb39304_R	cb39304	R	V	13838973	13838951	0	V	14184302	14184280	0	2
cb40232_F	cb40232	F	X	14728267	14728286	0	X	15100078	15100097	0	2
cb40232_R	cb40232	R	X	14728976	14728954	0	X	15100787	15100765	0	2
cb41028_F	cb41028	F	II	3600517	3600495	0	II	3515757	3515735	0	2
cb41028_R	cb41028	R	II	3599767	3599788	0	II	3515007	3515028	0	2
cb43091_F	cb43091	F	II	9189028	9189006	0	II	8995037	8995015	0	2
cb43091_R	cb43091	R	II	9188281	9188303	0	II	8994290	8994312	0	2
cb43262_F	cb43262	F	II	8570203	8570182	0	II	8395602	8395581	0	2
cb43262_R	cb43262	R	II	8569658	8569677	0	II	8395057	8395076	0	2
cb43333_F	cb43333	F	II	8417187	8417166	0	II	8242919	8242898	0	2
cb43333_R	cb43333	R	II	8416449	8416471	0	II	8242181	8242203	0	2
cb43389_F	cb43389	F	II	8306284	8306262	0	II	8130291	8130269	0	2
cb43389_R	cb43389	R	II	8305535	8305557	0	II	8129542	8129564	0	2
cb43421_F	cb43421	F	II	8174601	8174578	0	II	7999312	7999289	0	2
cb43421_R	cb43421	R	II	8174203	8174226	0	II	7998914	7998937	0	2
cb43431_F	cb43431	F	II	8069410	8069388	0	II	7892927	7892905	0	2
cb43431_R	cb43431	R	II	8068660	8068682	0	II	7892177	7892199	0	2
cb43472_F	cb43472	F	II	7957741	7957719	0	II	7783244	7783222	0	2
cb43472_R	cb43472	R	II	7956995	7957017	0	II	7782498	7782520	0	2
cb48850_F	cb48850	F	IV	12874010	12873989	0	IV	12694074	12694053	0	2
cb48850_R	cb48850	R	IV	12873261	12873282	0	IV	12693325	12693346	0	2
cb54953_F	cb54953	F	III	6113809	6113831	0	III	6122958	6122980	0	2
cb54953_R	cb54953	R	III	6114559	6114536	0	III	6123708	6123685	0	2
cb55627_F	cb55627	F	I	11599586	11599608	0	I	11525169	11525191	0	2
cb55627_R	cb55627	R	I	11600276	11600253	0	I	11525859	11525836	0	2
cb56202_F	cb56202	F	IV	15764673	15764652	0	IV	15477908	15477887	0	2
cb56202_R	cb56202	R	IV	15763935	15763955	0	IV	15477169	15477189	0	2
cb64777_F	cb64777	F	II	12281093	12281115	0	II	11411303	11411325	0	2
cb64777_R	cb64777	R	II	12281841	12281819	0	II	11412051	11412029	0	2
cb650_F	cb650	F	I	14661546	14661567	0	I	14655904	14655925	0	2
cb650_R	cb650	R	I	14662295	14662273	0	I	14656652	14656630	0	2
cb8176_F	cb8176	F	IV	2563429	2563452	0	IV	2546779	2546802	0	2
cb8176_R	cb8176	R	IV	2563984	2563962	0	IV	2547334	2547312	0	2
cb8183_F	cb8183	F	IV	2622451	2622474	0	IV	2605797	2605820	0	2
cb8183_R	cb8183	R	IV	2622832	2622809	0	IV	2606178	2606155	0	2
